{
 "epoch": 2034.5136,
 "instant_jst": "2034-07-07 23:24:39",
 "site": [
  34.704856,
  137.731155
 ],
 "stars": {
  "Vega": [
   247.4,
   160.3
  ],
  "Deneb": [
   60.0,
   457.7
  ],
  "Altair": [
   626.0,
   501.8
  ],
  "zetLyr": [
   261.7,
   185.9
  ],
  "delLyr": [
   267.4,
   216.0
  ],
  "gamLyr": [
   324.8,
   240.5
  ],
  "betLyr": [
   320.1,
   211.9
  ],
  "Sadr": [
   151.7,
   439.9
  ],
  "delCyg": [
   118.6,
   322.0
  ],
  "epsCyg": [
   206.3,
   541.3
  ],
  "Albireo": [
   368.1,
   352.0
  ],
  "etaCyg": [
   248.3,
   396.7
  ],
  "Tarazed": [
   603.6,
   476.7
  ],
  "Alshain": [
   660.9,
   531.7
  ],
  "thetAql": [
   769.2,
   639.7
  ],
  "delAql": [
   751.6,
   434.8
  ],
  "lamAql": [
   940.0,
   373.4
  ]
 },
 "lines": [
  [
   "Vega",
   "zetLyr"
  ],
  [
   "zetLyr",
   "delLyr"
  ],
  [
   "delLyr",
   "gamLyr"
  ],
  [
   "gamLyr",
   "betLyr"
  ],
  [
   "betLyr",
   "zetLyr"
  ],
  [
   "Deneb",
   "Sadr"
  ],
  [
   "Sadr",
   "etaCyg"
  ],
  [
   "etaCyg",
   "Albireo"
  ],
  [
   "delCyg",
   "Sadr"
  ],
  [
   "Sadr",
   "epsCyg"
  ],
  [
   "Tarazed",
   "Altair"
  ],
  [
   "Altair",
   "Alshain"
  ],
  [
   "Altair",
   "delAql"
  ],
  [
   "delAql",
   "thetAql"
  ],
  [
   "delAql",
   "lamAql"
  ]
 ],
 "altaz": {
  "Vega": [
   85.89,
   360.0
  ],
  "Deneb": [
   64.09,
   56.2
  ],
  "Altair": [
   59.14,
   142.1
  ],
  "zetLyr": [
   86.66,
   27.8
  ],
  "delLyr": [
   85.79,
   56.6
  ],
  "gamLyr": [
   85.0,
   111.6
  ],
  "betLyr": [
   86.96,
   114.4
  ],
  "Sadr": [
   68.45,
   67.0
  ],
  "delCyg": [
   73.33,
   45.8
  ],
  "epsCyg": [
   63.4,
   82.0
  ],
  "Albireo": [
   76.7,
   116.4
  ],
  "etaCyg": [
   73.73,
   82.6
  ],
  "Tarazed": [
   61.2,
   142.3
  ],
  "Alshain": [
   56.44,
   142.7
  ],
  "thetAql": [
   48.19,
   142.9
  ],
  "delAql": [
   56.48,
   157.4
  ],
  "lamAql": [
   50.01,
   170.1
  ]
 }
}